id,firstname,lastname,email,email2,profession
0,Melina,Ahab,Melina.Ahab@yopmail.com,Melina.Ahab@gmail.com,developer
1,Darci,Eckblad,Darci.Eckblad@yopmail.com,Darci.Eckblad@gmail.com,firefighter
2,Meg,Etom,Meg.Etom@yopmail.com,Meg.Etom@gmail.com,firefighter
3,Cassondra,Imelida,Cassondra.Imelida@yopmail.com,Cassondra.Imelida@gmail.com,firefighter
4,Frank,Harday,Frank.Harday@yopmail.com,Frank.Harday@gmail.com,police officer
5,Elfreda,Winnick,Elfreda.Winnick@yopmail.com,Elfreda.Winnick@gmail.com,police officer
6,Ronna,Pascia,Ronna.Pascia@yopmail.com,Ronna.Pascia@gmail.com,firefighter
7,Roberta,Lail,Roberta.Lail@yopmail.com,Roberta.Lail@gmail.com,police officer
8,Glynnis,Cottle,Glynnis.Cottle@yopmail.com,Glynnis.Cottle@gmail.com,police officer
9,Dulcinea,Pond,Dulcinea.Pond@yopmail.com,Dulcinea.Pond@gmail.com,firefighter
10,Steffane,Yorick,Steffane.Yorick@yopmail.com,Steffane.Yorick@gmail.com,firefighter
11,Harmonia,Wildermuth,Harmonia.Wildermuth@yopmail.com,Harmonia.Wildermuth@gmail.com,worker
12,Alameda,Annabella,Alameda.Annabella@yopmail.com,Alameda.Annabella@gmail.com,worker
13,Vere,Alwin,Vere.Alwin@yopmail.com,Vere.Alwin@gmail.com,developer
14,Amara,Calhoun,Amara.Calhoun@yopmail.com,Amara.Calhoun@gmail.com,police officer
15,Tatiania,Allare,Tatiania.Allare@yopmail.com,Tatiania.Allare@gmail.com,police officer
16,Berta,Dannye,Berta.Dannye@yopmail.com,Berta.Dannye@gmail.com,police officer
17,Tybie,Fennessy,Tybie.Fennessy@yopmail.com,Tybie.Fennessy@gmail.com,firefighter
18,Inga,Saunderson,Inga.Saunderson@yopmail.com,Inga.Saunderson@gmail.com,police officer
19,Fanchon,Peg,Fanchon.Peg@yopmail.com,Fanchon.Peg@gmail.com,firefighter